id,transaction_id,reason,status,created_at
1,115,product_not_received,resolved,2025-01-18 04:33:13
2,180,billing_error,resolved,2025-01-25 09:34:43
3,43,billing_error,under_review,2025-01-28 08:11:19
4,508,cancelled_recurring,resolved,2025-02-02 23:54:32
5,1832,product_not_received,resolved,2025-02-05 12:08:26
6,2558,fraud_reported,escalated,2025-02-06 02:27:23
7,2851,billing_error,resolved,2025-02-07 00:44:55
8,793,cancelled_recurring,under_review,2025-02-07 10:10:35
9,2572,unauthorized_transaction,resolved,2025-02-07 10:25:31
10,2563,card_compromised,resolved,2025-02-09 04:57:44
11,188,billing_error,escalated,2025-02-09 19:13:55
12,876,cancelled_recurring,under_review,2025-02-12 05:49:45
13,2421,cancelled_recurring,resolved,2025-02-12 21:30:22
14,3024,billing_error,resolved,2025-02-13 04:24:02
15,3978,unauthorized_transaction,open,2025-02-14 08:25:19
16,3547,product_not_received,resolved,2025-02-14 13:49:20
17,1220,billing_error,resolved,2025-02-15 11:16:49
18,2567,fraud_reported,open,2025-02-16 10:11:17
19,72,cancelled_recurring,under_review,2025-02-17 05:53:03
20,5292,cancelled_recurring,open,2025-02-17 12:03:35
21,4274,billing_error,under_review,2025-02-17 17:52:05
22,3991,card_compromised,open,2025-02-18 05:06:11
23,317,product_not_received,under_review,2025-02-18 14:45:47
24,5081,unauthorized_transaction,resolved,2025-02-18 15:38:43
25,4014,defective_merchandise,under_review,2025-02-19 12:42:35
26,1630,cancelled_recurring,under_review,2025-02-19 16:53:00
27,2557,fraud_reported,resolved,2025-02-19 21:51:36
28,4977,unauthorized_transaction,resolved,2025-02-20 01:16:23
29,4570,fraud_reported,under_review,2025-02-20 09:43:09
30,5675,defective_merchandise,resolved,2025-02-20 17:30:01
31,4516,billing_error,resolved,2025-02-20 17:31:43
32,720,billing_error,resolved,2025-02-21 07:43:11
33,2130,defective_merchandise,resolved,2025-02-22 06:52:43
34,1679,cancelled_recurring,under_review,2025-02-22 16:01:11
35,3461,cancelled_recurring,under_review,2025-02-22 20:47:28
36,5102,fraud_reported,resolved,2025-02-23 12:23:06
37,4580,card_compromised,open,2025-02-23 23:33:10
38,6341,fraud_reported,under_review,2025-02-24 12:43:32
39,5159,fraud_reported,escalated,2025-02-25 03:29:40
40,4569,fraud_reported,resolved,2025-02-26 17:32:35
41,8147,defective_merchandise,under_review,2025-02-26 18:41:39
42,7338,fraud_reported,open,2025-02-28 16:52:30
43,8074,card_compromised,escalated,2025-03-01 15:48:25
44,2561,card_compromised,open,2025-03-02 11:56:58
45,4820,defective_merchandise,resolved,2025-03-02 13:37:49
46,7563,unauthorized_transaction,resolved,2025-03-03 06:13:11
47,2654,defective_merchandise,resolved,2025-03-03 16:44:00
48,5383,product_not_received,open,2025-03-04 17:03:22
49,7520,fraud_reported,resolved,2025-03-05 04:11:11
50,7812,defective_merchandise,resolved,2025-03-05 05:18:15
51,10379,fraud_reported,under_review,2025-03-05 09:14:37
52,5625,billing_error,resolved,2025-03-06 07:19:31
53,10813,fraud_reported,open,2025-03-06 18:51:08
54,3628,defective_merchandise,resolved,2025-03-06 19:02:27
55,7710,unauthorized_transaction,under_review,2025-03-07 06:15:30
56,3989,fraud_reported,under_review,2025-03-07 08:03:44
57,6490,defective_merchandise,resolved,2025-03-07 16:57:57
58,6346,card_compromised,resolved,2025-03-07 22:49:13
59,7413,product_not_received,resolved,2025-03-08 01:49:56
60,7594,card_compromised,resolved,2025-03-08 03:41:58
61,4665,billing_error,resolved,2025-03-08 19:31:26
62,7984,unauthorized_transaction,resolved,2025-03-08 20:27:32
63,7561,unauthorized_transaction,under_review,2025-03-08 21:22:04
64,3048,defective_merchandise,open,2025-03-08 23:57:27
65,6338,card_compromised,under_review,2025-03-09 10:59:51
66,7761,defective_merchandise,resolved,2025-03-09 11:49:40
67,6446,fraud_reported,resolved,2025-03-09 14:30:49
68,10016,unauthorized_transaction,resolved,2025-03-09 19:23:12
69,8635,billing_error,resolved,2025-03-09 21:29:50
70,2465,cancelled_recurring,resolved,2025-03-10 12:47:26
71,11040,product_not_received,resolved,2025-03-10 22:57:09
72,12773,card_compromised,open,2025-03-11 19:26:08
73,7618,unauthorized_transaction,open,2025-03-12 01:34:14
74,4887,unauthorized_transaction,resolved,2025-03-12 04:59:44
75,4577,unauthorized_transaction,resolved,2025-03-12 05:16:51
76,4864,fraud_reported,escalated,2025-03-12 09:53:37
77,11659,billing_error,resolved,2025-03-12 17:51:56
78,12612,card_compromised,resolved,2025-03-12 22:10:23
79,10823,card_compromised,resolved,2025-03-13 02:22:14
80,5791,unauthorized_transaction,resolved,2025-03-13 04:33:05
81,7199,card_compromised,under_review,2025-03-13 10:23:13
82,7217,fraud_reported,resolved,2025-03-13 14:20:17
83,2570,fraud_reported,resolved,2025-03-13 23:43:09
84,10814,unauthorized_transaction,resolved,2025-03-14 08:15:58
85,12991,fraud_reported,under_review,2025-03-14 14:38:44
86,3982,fraud_reported,resolved,2025-03-14 19:35:17
87,7539,defective_merchandise,under_review,2025-03-14 23:26:37
88,13322,unauthorized_transaction,under_review,2025-03-14 23:34:51
89,6398,product_not_received,open,2025-03-15 01:24:20
90,10395,defective_merchandise,open,2025-03-15 05:43:23
91,12061,product_not_received,resolved,2025-03-15 10:45:09
92,6332,unauthorized_transaction,resolved,2025-03-15 17:31:41
93,5595,product_not_received,resolved,2025-03-15 20:24:20
94,10142,defective_merchandise,resolved,2025-03-15 21:33:40
95,10791,billing_error,resolved,2025-03-16 04:04:43
96,12998,fraud_reported,resolved,2025-03-16 21:39:26
97,5389,billing_error,resolved,2025-03-16 23:59:12
98,12554,product_not_received,resolved,2025-03-17 01:51:57
99,6519,defective_merchandise,under_review,2025-03-17 02:34:17
100,12154,product_not_received,under_review,2025-03-17 04:16:31
101,12610,cancelled_recurring,resolved,2025-03-17 04:53:38
102,12228,billing_error,under_review,2025-03-17 08:55:37
103,5042,defective_merchandise,resolved,2025-03-18 02:39:10
104,5786,unauthorized_transaction,open,2025-03-18 02:41:27
105,10748,billing_error,resolved,2025-03-18 03:16:09
106,9916,cancelled_recurring,resolved,2025-03-18 03:38:32
107,4585,card_compromised,resolved,2025-03-18 05:12:34
108,14259,billing_error,under_review,2025-03-18 11:54:35
109,12184,fraud_reported,under_review,2025-03-19 01:14:59
110,5520,cancelled_recurring,under_review,2025-03-19 02:06:28
111,13254,fraud_reported,resolved,2025-03-19 07:12:53
112,6077,defective_merchandise,under_review,2025-03-19 07:36:54
113,10017,card_compromised,resolved,2025-03-19 11:35:15
114,6436,fraud_reported,resolved,2025-03-19 14:35:18
115,4807,unauthorized_transaction,under_review,2025-03-19 17:48:16
116,13325,card_compromised,resolved,2025-03-19 21:02:44
117,15715,unauthorized_transaction,resolved,2025-03-20 06:08:26
118,8273,defective_merchandise,resolved,2025-03-20 08:42:55
119,7713,unauthorized_transaction,under_review,2025-03-20 12:33:58
120,13308,unauthorized_transaction,resolved,2025-03-20 14:34:58
121,12604,unauthorized_transaction,resolved,2025-03-20 15:24:53
122,6422,product_not_received,open,2025-03-20 17:19:38
123,7475,unauthorized_transaction,resolved,2025-03-21 07:08:42
124,12724,unauthorized_transaction,resolved,2025-03-21 17:44:56
125,7859,defective_merchandise,resolved,2025-03-21 19:15:20
126,5120,product_not_received,under_review,2025-03-21 20:05:29
127,13318,unauthorized_transaction,resolved,2025-03-22 17:17:27
128,3981,unauthorized_transaction,open,2025-03-22 23:58:13
129,13262,product_not_received,escalated,2025-03-23 01:04:52
130,4579,fraud_reported,escalated,2025-03-23 03:11:51
131,12860,fraud_reported,resolved,2025-03-23 12:59:15
132,12599,unauthorized_transaction,resolved,2025-03-23 20:19:04
133,10593,defective_merchandise,resolved,2025-03-23 23:01:43
134,6345,card_compromised,under_review,2025-03-23 23:14:54
135,9029,cancelled_recurring,resolved,2025-03-24 02:46:46
136,13242,billing_error,open,2025-03-24 05:17:33
137,7174,unauthorized_transaction,open,2025-03-24 14:40:18
138,5805,fraud_reported,resolved,2025-03-24 18:43:18
139,15709,fraud_reported,resolved,2025-03-24 22:01:07
140,4583,fraud_reported,resolved,2025-03-24 22:58:10
141,6922,billing_error,under_review,2025-03-25 06:12:48
142,15049,billing_error,resolved,2025-03-25 11:29:05
143,10824,card_compromised,under_review,2025-03-25 14:09:32
144,4739,fraud_reported,resolved,2025-03-25 16:17:34
145,10375,card_compromised,under_review,2025-03-25 18:00:56
146,8404,product_not_received,resolved,2025-03-26 00:05:17
147,9003,defective_merchandise,resolved,2025-03-26 13:11:34
148,17397,cancelled_recurring,open,2025-03-26 15:47:24
149,10311,defective_merchandise,under_review,2025-03-26 20:18:50
150,15723,fraud_reported,under_review,2025-03-26 23:23:14
151,7990,card_compromised,resolved,2025-03-27 00:20:46
152,11917,cancelled_recurring,under_review,2025-03-27 01:54:28
153,6211,product_not_received,escalated,2025-03-27 04:29:37
154,17690,product_not_received,resolved,2025-03-27 06:00:46
155,10013,fraud_reported,resolved,2025-03-27 13:28:28
156,10819,card_compromised,under_review,2025-03-27 16:20:19
157,12190,fraud_reported,escalated,2025-03-27 18:50:41
158,12967,fraud_reported,open,2025-03-27 18:56:02
159,7554,unauthorized_transaction,open,2025-03-28 00:52:00
160,10439,defective_merchandise,resolved,2025-03-28 03:30:01
161,5796,card_compromised,resolved,2025-03-28 05:09:54
162,6441,fraud_reported,resolved,2025-03-28 05:33:29
163,6872,product_not_received,under_review,2025-03-28 06:14:28
164,16397,billing_error,under_review,2025-03-28 06:19:25
165,6275,product_not_received,resolved,2025-03-28 11:38:49
166,12847,fraud_reported,resolved,2025-03-28 14:53:37
167,7723,card_compromised,resolved,2025-03-28 22:55:55
168,10754,billing_error,resolved,2025-03-29 02:45:43
169,9375,cancelled_recurring,under_review,2025-03-29 10:47:00
170,17415,billing_error,under_review,2025-03-29 12:36:23
171,18414,cancelled_recurring,resolved,2025-03-29 23:28:43
172,13320,card_compromised,resolved,2025-03-29 23:34:07
173,19559,defective_merchandise,resolved,2025-03-30 00:58:04
174,7274,unauthorized_transaction,open,2025-03-30 04:50:25
175,6383,defective_merchandise,resolved,2025-03-30 05:50:55
176,5901,defective_merchandise,escalated,2025-03-30 06:23:11
177,16864,cancelled_recurring,escalated,2025-03-30 21:27:58
178,19404,product_not_received,under_review,2025-03-31 02:51:33
179,18846,fraud_reported,open,2025-03-31 04:46:58
180,5799,fraud_reported,resolved,2025-03-31 11:36:29
181,6445,unauthorized_transaction,under_review,2025-03-31 13:16:07
182,11658,billing_error,resolved,2025-03-31 15:09:39
183,10638,billing_error,resolved,2025-03-31 17:46:06
184,12746,billing_error,open,2025-04-01 02:42:00
185,7741,unauthorized_transaction,under_review,2025-04-01 04:10:58
186,18838,card_compromised,resolved,2025-04-01 04:40:13
187,16815,billing_error,under_review,2025-04-01 06:44:21
188,14309,billing_error,open,2025-04-01 14:10:44
189,20243,cancelled_recurring,resolved,2025-04-01 19:20:52
190,9955,cancelled_recurring,resolved,2025-04-01 23:00:00
191,19339,billing_error,under_review,2025-04-02 10:53:46
192,17175,billing_error,resolved,2025-04-02 18:59:56
193,14811,product_not_received,resolved,2025-04-02 21:56:58
194,17190,unauthorized_transaction,resolved,2025-04-02 23:28:34
195,6440,card_compromised,resolved,2025-04-03 03:54:19
196,7939,card_compromised,resolved,2025-04-03 09:06:53
197,11756,billing_error,under_review,2025-04-03 09:17:23
198,16494,defective_merchandise,resolved,2025-04-03 09:33:12
199,10381,fraud_reported,resolved,2025-04-03 10:54:37
200,7305,card_compromised,resolved,2025-04-03 12:38:56
201,7575,fraud_reported,under_review,2025-04-03 13:33:26
202,13015,card_compromised,resolved,2025-04-03 15:11:23
203,20693,cancelled_recurring,open,2025-04-03 22:14:23
204,10232,product_not_received,resolved,2025-04-04 04:17:48
205,19008,product_not_received,under_review,2025-04-04 12:07:59
206,11646,cancelled_recurring,open,2025-04-04 15:34:02
207,16952,product_not_received,under_review,2025-04-04 17:36:09
208,18835,card_compromised,under_review,2025-04-04 19:11:29
209,8084,billing_error,open,2025-04-05 05:05:27
210,22173,unauthorized_transaction,under_review,2025-04-05 07:00:17
211,12178,unauthorized_transaction,resolved,2025-04-05 07:38:02
212,21380,card_compromised,under_review,2025-04-05 08:16:32
213,10003,unauthorized_transaction,resolved,2025-04-05 09:40:19
214,18006,cancelled_recurring,resolved,2025-04-05 19:33:20
215,19682,cancelled_recurring,under_review,2025-04-06 03:59:30
216,7983,card_compromised,under_review,2025-04-06 06:46:42
217,17608,unauthorized_transaction,under_review,2025-04-06 13:49:56
218,16818,product_not_received,under_review,2025-04-06 14:49:56
219,9077,billing_error,open,2025-04-06 16:00:42
220,11201,defective_merchandise,resolved,2025-04-07 07:30:51
221,13313,card_compromised,under_review,2025-04-07 09:38:31
222,22462,card_compromised,escalated,2025-04-07 09:50:28
223,13311,unauthorized_transaction,resolved,2025-04-07 13:43:22
224,20604,card_compromised,under_review,2025-04-08 01:29:23
225,21339,product_not_received,resolved,2025-04-08 04:48:09
226,12637,unauthorized_transaction,open,2025-04-08 13:35:00
227,19727,cancelled_recurring,resolved,2025-04-08 20:39:00
228,13327,unauthorized_transaction,resolved,2025-04-09 03:45:51
229,19606,product_not_received,open,2025-04-09 10:49:41
230,10014,fraud_reported,resolved,2025-04-09 11:49:46
231,11321,cancelled_recurring,under_review,2025-04-09 13:42:22
232,17755,defective_merchandise,resolved,2025-04-09 15:17:55
233,17428,billing_error,resolved,2025-04-09 16:37:34
234,13084,card_compromised,resolved,2025-04-10 01:10:52
235,10539,product_not_received,under_review,2025-04-10 08:17:46
236,11717,defective_merchandise,resolved,2025-04-10 20:16:37
237,23530,billing_error,under_review,2025-04-10 20:24:59
238,15724,card_compromised,under_review,2025-04-11 03:38:05
239,10827,card_compromised,resolved,2025-04-11 04:39:24
240,13317,fraud_reported,open,2025-04-11 08:42:49
241,9684,product_not_received,resolved,2025-04-11 17:41:23
242,20115,defective_merchandise,escalated,2025-04-11 22:26:56
243,23276,billing_error,resolved,2025-04-11 23:25:07
244,10012,unauthorized_transaction,resolved,2025-04-12 01:25:52
245,20220,billing_error,escalated,2025-04-12 02:10:57
246,13186,card_compromised,resolved,2025-04-12 13:25:21
247,10665,defective_merchandise,resolved,2025-04-12 14:11:23
248,22465,card_compromised,resolved,2025-04-12 20:01:13
249,15104,defective_merchandise,resolved,2025-04-12 22:57:52
250,20892,billing_error,resolved,2025-04-12 23:05:57
251,22755,fraud_reported,under_review,2025-04-13 02:18:11
252,14386,cancelled_recurring,resolved,2025-04-13 07:18:43
253,15513,cancelled_recurring,resolved,2025-04-13 13:01:18
254,23033,cancelled_recurring,resolved,2025-04-13 15:29:12
255,25019,defective_merchandise,resolved,2025-04-13 18:31:40
256,16336,cancelled_recurring,resolved,2025-04-13 19:58:53
257,25637,product_not_received,under_review,2025-04-13 20:03:38
258,20192,billing_error,resolved,2025-04-13 22:59:28
259,22186,cancelled_recurring,resolved,2025-04-14 04:41:33
260,10002,unauthorized_transaction,resolved,2025-04-14 04:52:12
261,17352,cancelled_recurring,open,2025-04-15 09:13:56
262,15711,fraud_reported,resolved,2025-04-15 10:08:17
263,14082,product_not_received,resolved,2025-04-15 15:55:30
264,22707,fraud_reported,under_review,2025-04-15 17:49:23
265,17479,unauthorized_transaction,resolved,2025-04-16 00:29:22
266,18764,defective_merchandise,under_review,2025-04-16 08:49:59
267,15566,product_not_received,resolved,2025-04-17 04:38:58
268,21781,product_not_received,under_review,2025-04-17 06:36:34
269,12603,card_compromised,resolved,2025-04-17 17:01:28
270,27635,card_compromised,resolved,2025-04-18 02:00:37
271,22776,defective_merchandise,resolved,2025-04-18 07:17:28
272,12760,card_compromised,resolved,2025-04-18 12:15:11
273,21384,unauthorized_transaction,resolved,2025-04-18 17:37:39
274,28617,defective_merchandise,resolved,2025-04-18 20:11:19
275,18841,unauthorized_transaction,open,2025-04-18 21:48:11
276,21047,fraud_reported,escalated,2025-04-18 21:49:03
277,17784,unauthorized_transaction,under_review,2025-04-19 02:15:46
278,25398,card_compromised,under_review,2025-04-19 05:12:21
279,12688,defective_merchandise,resolved,2025-04-19 05:13:58
280,26854,cancelled_recurring,under_review,2025-04-19 05:40:51
281,23137,billing_error,open,2025-04-19 13:08:49
282,19055,defective_merchandise,under_review,2025-04-19 14:46:33
283,20682,product_not_received,open,2025-04-19 21:16:49
284,13241,card_compromised,resolved,2025-04-20 05:29:26
285,29195,card_compromised,resolved,2025-04-20 05:50:50
286,22909,card_compromised,resolved,2025-04-20 15:06:23
287,27649,unauthorized_transaction,resolved,2025-04-20 17:08:03
288,21386,card_compromised,resolved,2025-04-20 19:04:17
289,20507,billing_error,open,2025-04-20 22:54:16
290,15134,defective_merchandise,under_review,2025-04-21 11:08:56
291,13326,unauthorized_transaction,resolved,2025-04-21 17:27:40
292,20483,defective_merchandise,open,2025-04-21 20:13:10
293,13110,cancelled_recurring,resolved,2025-04-21 21:00:52
294,28432,defective_merchandise,resolved,2025-04-21 22:36:32
295,20521,unauthorized_transaction,resolved,2025-04-22 00:23:27
296,18459,defective_merchandise,open,2025-04-22 12:29:46
297,25992,product_not_received,open,2025-04-22 17:40:06
298,16419,product_not_received,resolved,2025-04-22 21:39:49
299,28154,billing_error,resolved,2025-04-23 02:52:09
300,28379,product_not_received,open,2025-04-23 14:54:20
301,30688,defective_merchandise,resolved,2025-04-23 18:25:13
302,27818,billing_error,resolved,2025-04-24 03:27:20
303,28288,unauthorized_transaction,open,2025-04-24 04:08:57
304,28152,billing_error,under_review,2025-04-24 14:11:03
305,31680,defective_merchandise,under_review,2025-04-25 02:41:25
306,28291,unauthorized_transaction,resolved,2025-04-25 04:06:41
307,17858,cancelled_recurring,under_review,2025-04-25 15:21:09
308,27309,billing_error,resolved,2025-04-25 17:43:11
309,30384,cancelled_recurring,resolved,2025-04-25 18:13:47
310,22741,billing_error,under_review,2025-04-25 23:10:32
311,27261,card_compromised,resolved,2025-04-26 01:53:46
312,16014,cancelled_recurring,resolved,2025-04-26 11:43:23
313,26065,defective_merchandise,resolved,2025-04-26 12:08:48
314,25390,fraud_reported,resolved,2025-04-27 10:44:47
315,26827,product_not_received,under_review,2025-04-27 12:57:17
316,25138,billing_error,resolved,2025-04-27 13:35:34
317,15717,unauthorized_transaction,resolved,2025-04-27 13:35:54
318,24095,fraud_reported,resolved,2025-04-27 18:06:57
319,25826,product_not_received,under_review,2025-04-27 23:52:04
320,15674,billing_error,resolved,2025-04-28 06:17:50
321,22456,card_compromised,resolved,2025-04-28 12:10:20
322,26079,defective_merchandise,resolved,2025-04-28 15:41:07
323,29875,cancelled_recurring,under_review,2025-04-28 22:26:00
324,17456,fraud_reported,resolved,2025-04-29 03:55:08
325,26223,defective_merchandise,resolved,2025-04-29 09:41:30
326,17195,cancelled_recurring,resolved,2025-04-29 15:55:25
327,26759,cancelled_recurring,resolved,2025-04-29 21:40:14
328,24346,cancelled_recurring,open,2025-04-29 22:54:20
329,27952,unauthorized_transaction,under_review,2025-04-29 23:19:51
330,30564,defective_merchandise,resolved,2025-04-30 00:00:50
331,25446,billing_error,resolved,2025-04-30 09:20:35
332,28466,billing_error,escalated,2025-05-01 02:09:11
333,17321,cancelled_recurring,open,2025-05-01 11:09:49
334,16227,cancelled_recurring,open,2025-05-01 13:43:17
335,20451,cancelled_recurring,resolved,2025-05-01 18:22:08
336,20583,product_not_received,under_review,2025-05-01 19:47:09
337,20031,defective_merchandise,under_review,2025-05-02 08:54:18
338,27759,unauthorized_transaction,escalated,2025-05-02 15:36:39
339,27663,unauthorized_transaction,resolved,2025-05-03 01:44:19
340,18260,billing_error,open,2025-05-03 11:41:34
341,30923,billing_error,resolved,2025-05-03 12:11:12
342,17951,cancelled_recurring,under_review,2025-05-03 17:10:56
343,17689,fraud_reported,resolved,2025-05-03 18:23:36
344,23059,defective_merchandise,resolved,2025-05-03 21:58:58
345,28036,unauthorized_transaction,under_review,2025-05-03 22:16:56
346,24375,product_not_received,resolved,2025-05-04 00:13:28
347,17950,product_not_received,under_review,2025-05-04 03:36:40
348,22419,unauthorized_transaction,resolved,2025-05-04 04:37:26
349,21195,cancelled_recurring,resolved,2025-05-04 05:30:46
350,32552,product_not_received,resolved,2025-05-04 07:28:26
351,17771,unauthorized_transaction,resolved,2025-05-04 12:27:15
352,26260,product_not_received,resolved,2025-05-04 13:55:29
353,31826,billing_error,resolved,2025-05-04 17:16:11
354,17984,product_not_received,resolved,2025-05-04 21:04:32
355,18845,card_compromised,resolved,2025-05-05 11:25:15
356,22468,card_compromised,under_review,2025-05-05 16:15:56
357,33425,product_not_received,under_review,2025-05-05 16:45:59
358,33273,unauthorized_transaction,under_review,2025-05-05 19:14:51
359,25866,cancelled_recurring,open,2025-05-05 20:20:18
360,23251,billing_error,resolved,2025-05-05 23:04:59
361,28757,billing_error,open,2025-05-06 02:26:07
362,28294,fraud_reported,resolved,2025-05-06 12:40:21
363,28599,defective_merchandise,resolved,2025-05-06 17:22:44
364,20191,product_not_received,open,2025-05-06 23:56:47
365,18994,cancelled_recurring,under_review,2025-05-07 08:22:35
366,20140,billing_error,resolved,2025-05-07 09:16:44
367,35126,cancelled_recurring,open,2025-05-07 10:50:06
368,22616,defective_merchandise,open,2025-05-07 12:21:41
369,28465,product_not_received,under_review,2025-05-07 15:19:54
370,23107,card_compromised,resolved,2025-05-07 16:02:34
371,20437,billing_error,open,2025-05-07 19:30:35
372,22461,card_compromised,under_review,2025-05-07 19:38:00
373,19200,billing_error,resolved,2025-05-07 20:16:48
374,21387,card_compromised,resolved,2025-05-07 22:23:30
375,36482,cancelled_recurring,resolved,2025-05-07 22:45:08
376,37509,unauthorized_transaction,resolved,2025-05-08 08:54:24
377,24177,card_compromised,under_review,2025-05-08 11:50:25
378,27351,card_compromised,under_review,2025-05-08 23:20:26
379,29207,fraud_reported,resolved,2025-05-09 03:45:15
380,20116,cancelled_recurring,resolved,2025-05-09 05:30:22
381,28063,card_compromised,resolved,2025-05-09 05:39:45
382,21316,fraud_reported,resolved,2025-05-09 05:44:12
383,28376,cancelled_recurring,resolved,2025-05-09 16:25:31
384,21378,card_compromised,open,2025-05-09 17:22:47
385,21385,unauthorized_transaction,under_review,2025-05-10 00:42:37
386,22571,defective_merchandise,resolved,2025-05-10 02:03:29
387,38851,billing_error,resolved,2025-05-10 04:42:01
388,35455,defective_merchandise,open,2025-05-10 06:04:34
389,22856,product_not_received,under_review,2025-05-10 11:13:37
390,25405,fraud_reported,resolved,2025-05-10 15:51:29
391,27711,fraud_reported,resolved,2025-05-10 21:21:42
392,25824,billing_error,resolved,2025-05-11 11:00:28
393,36948,cancelled_recurring,resolved,2025-05-11 17:01:23
394,39557,cancelled_recurring,under_review,2025-05-11 18:08:28
395,30337,defective_merchandise,resolved,2025-05-11 20:07:48
396,29911,defective_merchandise,under_review,2025-05-12 23:42:48
397,28306,fraud_reported,resolved,2025-05-13 01:17:51
398,29198,fraud_reported,open,2025-05-13 14:43:05
399,23071,unauthorized_transaction,open,2025-05-13 19:05:04
400,28299,unauthorized_transaction,resolved,2025-05-13 21:30:35
401,25401,unauthorized_transaction,under_review,2025-05-13 21:58:22
402,28596,defective_merchandise,open,2025-05-13 22:31:34
403,27678,card_compromised,resolved,2025-05-14 01:44:50
404,26940,billing_error,open,2025-05-14 01:44:55
405,30238,product_not_received,resolved,2025-05-14 02:42:12
406,23104,fraud_reported,resolved,2025-05-14 04:05:06
407,22684,cancelled_recurring,open,2025-05-14 04:51:19
408,24833,cancelled_recurring,under_review,2025-05-14 04:52:31
409,29191,card_compromised,escalated,2025-05-14 04:53:21
410,24614,defective_merchandise,resolved,2025-05-15 01:30:39
411,38211,billing_error,under_review,2025-05-15 05:53:42
412,28075,card_compromised,resolved,2025-05-15 10:37:27
413,25859,cancelled_recurring,resolved,2025-05-15 11:16:38
414,23763,fraud_reported,resolved,2025-05-15 13:31:53
415,41535,billing_error,resolved,2025-05-15 18:19:55
416,22669,billing_error,resolved,2025-05-16 03:09:21
417,40853,defective_merchandise,resolved,2025-05-16 07:11:23
418,42546,unauthorized_transaction,open,2025-05-16 14:39:55
419,35152,billing_error,resolved,2025-05-16 16:10:01
420,23225,cancelled_recurring,resolved,2025-05-17 00:33:28
421,33233,cancelled_recurring,under_review,2025-05-17 06:23:26
422,42436,unauthorized_transaction,under_review,2025-05-17 10:40:36
423,24091,fraud_reported,resolved,2025-05-17 12:00:15
424,24081,product_not_received,resolved,2025-05-17 12:24:34
425,29604,fraud_reported,resolved,2025-05-17 13:04:09
426,36445,product_not_received,resolved,2025-05-17 19:48:06
427,27422,billing_error,open,2025-05-18 06:38:04
428,32206,cancelled_recurring,resolved,2025-05-18 09:01:39
429,26812,cancelled_recurring,escalated,2025-05-18 13:58:39
430,33946,card_compromised,resolved,2025-05-18 17:08:38
431,28624,fraud_reported,open,2025-05-19 02:54:40
432,33878,defective_merchandise,under_review,2025-05-19 04:28:28
433,27228,card_compromised,open,2025-05-19 05:20:05
434,33532,product_not_received,under_review,2025-05-19 13:03:44
435,35352,defective_merchandise,under_review,2025-05-20 04:35:50
436,42390,billing_error,under_review,2025-05-20 05:11:24
437,28684,card_compromised,open,2025-05-20 11:43:19
438,40021,defective_merchandise,under_review,2025-05-20 11:53:10
439,24307,product_not_received,open,2025-05-20 14:18:47
440,27669,fraud_reported,resolved,2025-05-20 14:42:27
441,27659,card_compromised,resolved,2025-05-20 16:17:22
442,28285,fraud_reported,under_review,2025-05-20 21:18:31
443,33932,card_compromised,escalated,2025-05-20 21:40:16
444,29953,billing_error,open,2025-05-21 04:40:36
445,44889,defective_merchandise,open,2025-05-21 12:40:35
446,41135,unauthorized_transaction,escalated,2025-05-21 12:41:00
447,27231,unauthorized_transaction,resolved,2025-05-21 14:08:32
448,31811,defective_merchandise,resolved,2025-05-21 15:47:04
449,44282,product_not_received,under_review,2025-05-21 20:00:51
450,34169,cancelled_recurring,resolved,2025-05-21 21:13:57
451,33247,billing_error,resolved,2025-05-22 05:02:45
452,29192,unauthorized_transaction,resolved,2025-05-22 19:00:14
453,31465,cancelled_recurring,resolved,2025-05-23 04:17:03
454,30904,product_not_received,resolved,2025-05-23 05:41:26
455,33197,cancelled_recurring,resolved,2025-05-23 10:58:14
456,28009,card_compromised,resolved,2025-05-23 11:30:11
457,34009,cancelled_recurring,resolved,2025-05-23 11:30:46
458,42517,fraud_reported,resolved,2025-05-23 14:13:06
459,33922,unauthorized_transaction,resolved,2025-05-23 16:13:32
460,40045,product_not_received,resolved,2025-05-23 22:19:18
461,28449,cancelled_recurring,resolved,2025-05-24 08:39:35
462,27242,fraud_reported,resolved,2025-05-24 11:21:19
463,27643,card_compromised,under_review,2025-05-24 13:26:31
464,38408,product_not_received,resolved,2025-05-24 17:41:31
465,29103,cancelled_recurring,resolved,2025-05-24 19:26:04
466,41533,product_not_received,under_review,2025-05-25 00:21:40
467,36348,cancelled_recurring,under_review,2025-05-25 03:29:20
468,42838,defective_merchandise,resolved,2025-05-25 06:16:23
469,43102,cancelled_recurring,resolved,2025-05-25 13:14:14
470,29205,card_compromised,under_review,2025-05-25 15:35:29
471,27420,fraud_reported,under_review,2025-05-26 13:29:10
472,38943,card_compromised,open,2025-05-26 14:51:29
473,40903,product_not_received,resolved,2025-05-26 19:47:19
474,38843,billing_error,resolved,2025-05-26 19:57:05
475,45855,fraud_reported,resolved,2025-05-26 23:44:38
476,27928,fraud_reported,resolved,2025-05-27 13:14:05
477,47822,product_not_received,resolved,2025-05-27 13:43:41
478,31413,product_not_received,resolved,2025-05-27 15:28:45
479,47716,fraud_reported,escalated,2025-05-27 15:55:03
480,27970,unauthorized_transaction,resolved,2025-05-28 12:25:21
481,47267,product_not_received,escalated,2025-05-28 13:39:30
482,33178,cancelled_recurring,under_review,2025-05-28 22:27:16
483,48464,defective_merchandise,resolved,2025-05-29 00:35:45
484,28301,unauthorized_transaction,resolved,2025-05-29 01:26:59
485,41775,cancelled_recurring,resolved,2025-05-29 01:33:55
486,33865,fraud_reported,under_review,2025-05-29 09:01:51
487,41131,card_compromised,resolved,2025-05-29 11:16:46
488,33960,cancelled_recurring,resolved,2025-05-29 15:55:56
489,33918,card_compromised,open,2025-05-30 01:06:52
490,35765,product_not_received,resolved,2025-05-30 02:50:18
491,34806,defective_merchandise,under_review,2025-05-30 06:54:19
492,41389,unauthorized_transaction,resolved,2025-05-30 10:27:32
493,41265,defective_merchandise,escalated,2025-05-30 19:10:13
494,35202,product_not_received,under_review,2025-05-30 21:49:06
495,30246,billing_error,open,2025-05-31 13:39:08
496,33948,billing_error,resolved,2025-05-31 16:39:12
497,37058,defective_merchandise,open,2025-05-31 23:56:44
498,30061,defective_merchandise,resolved,2025-06-01 02:26:59
499,48970,billing_error,resolved,2025-06-01 09:05:33
500,37650,defective_merchandise,resolved,2025-06-01 22:42:23
501,45661,fraud_reported,resolved,2025-06-01 22:52:24
502,41178,defective_merchandise,under_review,2025-06-02 01:47:17
503,48546,cancelled_recurring,resolved,2025-06-02 08:54:12
504,31007,billing_error,open,2025-06-02 22:32:26
505,50067,defective_merchandise,open,2025-06-03 02:37:24
506,49413,cancelled_recurring,under_review,2025-06-03 03:17:24
507,42494,product_not_received,under_review,2025-06-03 13:49:26
508,40044,cancelled_recurring,under_review,2025-06-04 00:27:26
509,41956,cancelled_recurring,resolved,2025-06-04 01:28:19
510,47722,unauthorized_transaction,under_review,2025-06-04 17:15:29
511,41443,card_compromised,open,2025-06-04 18:05:11
512,50985,fraud_reported,under_review,2025-06-04 23:31:01
513,41130,unauthorized_transaction,under_review,2025-06-05 00:55:21
514,48446,product_not_received,escalated,2025-06-05 02:28:40
515,33158,defective_merchandise,resolved,2025-06-05 04:19:53
516,43154,product_not_received,resolved,2025-06-05 08:10:08
517,44523,product_not_received,under_review,2025-06-05 12:38:53
518,45791,fraud_reported,under_review,2025-06-05 14:54:04
519,34599,billing_error,resolved,2025-06-05 19:14:50
520,52785,cancelled_recurring,under_review,2025-06-05 20:38:08
521,46155,fraud_reported,open,2025-06-05 23:48:11
522,34788,billing_error,open,2025-06-06 06:39:13
523,41336,cancelled_recurring,escalated,2025-06-06 07:33:35
524,37801,cancelled_recurring,resolved,2025-06-06 12:56:31
525,51241,cancelled_recurring,escalated,2025-06-07 00:32:40
526,43594,cancelled_recurring,under_review,2025-06-07 05:52:24
527,35988,billing_error,under_review,2025-06-07 10:09:25
528,47484,product_not_received,under_review,2025-06-07 10:37:47
529,36456,defective_merchandise,under_review,2025-06-07 16:12:23
530,38398,cancelled_recurring,under_review,2025-06-07 20:30:00
531,50988,card_compromised,resolved,2025-06-07 22:19:11
532,51606,product_not_received,resolved,2025-06-07 23:52:17
533,40027,product_not_received,under_review,2025-06-08 13:42:09
534,38715,billing_error,under_review,2025-06-08 16:40:23
535,50942,defective_merchandise,resolved,2025-06-08 18:25:52
536,33678,product_not_received,open,2025-06-08 21:35:35
537,37197,defective_merchandise,resolved,2025-06-09 22:13:28
538,46472,defective_merchandise,resolved,2025-06-10 01:02:52
539,35222,product_not_received,open,2025-06-10 13:25:32
540,36154,billing_error,under_review,2025-06-10 23:32:58
541,53723,defective_merchandise,resolved,2025-06-11 03:11:10
542,37467,card_compromised,resolved,2025-06-11 16:15:54
543,46382,product_not_received,resolved,2025-06-11 16:28:21
544,54541,product_not_received,open,2025-06-11 16:56:47
545,47552,billing_error,under_review,2025-06-11 18:10:03
546,51077,cancelled_recurring,resolved,2025-06-12 06:15:12
547,45349,defective_merchandise,resolved,2025-06-13 00:15:12
548,37574,unauthorized_transaction,resolved,2025-06-13 09:34:20
549,49781,cancelled_recurring,resolved,2025-06-13 20:38:27
550,51757,defective_merchandise,resolved,2025-06-14 04:57:27
551,36043,defective_merchandise,under_review,2025-06-14 06:58:19
552,38122,defective_merchandise,resolved,2025-06-14 07:04:18
553,42432,billing_error,resolved,2025-06-14 10:36:46
554,37285,defective_merchandise,under_review,2025-06-14 12:27:28
555,45831,fraud_reported,open,2025-06-14 19:57:14
556,36423,product_not_received,under_review,2025-06-15 03:36:05
557,50995,unauthorized_transaction,open,2025-06-15 09:27:25
558,41386,fraud_reported,resolved,2025-06-15 11:21:18
559,38552,billing_error,under_review,2025-06-15 11:21:32
560,58160,cancelled_recurring,resolved,2025-06-15 17:47:24
561,44725,billing_error,resolved,2025-06-16 00:22:58
562,38256,product_not_received,open,2025-06-16 03:21:22
563,41139,fraud_reported,under_review,2025-06-16 09:34:35
564,53466,billing_error,under_review,2025-06-16 11:22:40
565,48354,product_not_received,under_review,2025-06-17 08:14:01
566,58749,card_compromised,resolved,2025-06-17 09:58:49
567,57663,billing_error,open,2025-06-17 17:02:21
568,47423,product_not_received,resolved,2025-06-17 18:58:52
569,43747,product_not_received,resolved,2025-06-17 19:29:30
570,43034,billing_error,open,2025-06-18 03:09:12
571,43132,defective_merchandise,resolved,2025-06-18 12:35:40
572,43129,defective_merchandise,under_review,2025-06-18 15:47:27
573,55328,defective_merchandise,resolved,2025-06-18 18:23:18
574,45457,card_compromised,under_review,2025-06-18 20:16:13
575,42047,cancelled_recurring,resolved,2025-06-18 20:48:04
576,59177,billing_error,open,2025-06-18 22:22:09
577,55752,billing_error,under_review,2025-06-19 08:44:22
578,49379,defective_merchandise,resolved,2025-06-19 15:52:43
579,41126,card_compromised,under_review,2025-06-19 17:25:47
580,56902,cancelled_recurring,open,2025-06-19 22:45:41
581,56477,product_not_received,under_review,2025-06-21 12:34:57
582,50991,unauthorized_transaction,under_review,2025-06-21 14:59:10
583,40706,defective_merchandise,under_review,2025-06-21 16:07:57
584,44369,billing_error,resolved,2025-06-21 16:34:09
585,47230,product_not_received,resolved,2025-06-21 19:32:58
586,54865,billing_error,resolved,2025-06-22 02:32:47
587,47330,card_compromised,under_review,2025-06-22 05:46:36
588,50011,product_not_received,resolved,2025-06-22 16:57:33
589,41005,billing_error,resolved,2025-06-22 21:06:15
590,43111,cancelled_recurring,resolved,2025-06-22 22:15:45
591,48022,fraud_reported,resolved,2025-06-23 00:40:08
592,54139,card_compromised,resolved,2025-06-23 08:33:34
593,44535,cancelled_recurring,resolved,2025-06-23 11:21:45
594,45557,product_not_received,resolved,2025-06-23 11:42:12
595,60075,cancelled_recurring,resolved,2025-06-23 16:13:44
596,41122,card_compromised,under_review,2025-06-23 17:56:06
597,58162,billing_error,open,2025-06-23 18:40:28
598,55593,product_not_received,under_review,2025-06-23 22:36:21
599,49497,product_not_received,under_review,2025-06-24 01:24:08
600,43412,product_not_received,resolved,2025-06-24 06:03:36
601,60694,product_not_received,under_review,2025-06-24 13:48:33
602,62730,cancelled_recurring,resolved,2025-06-24 15:19:28
603,59273,cancelled_recurring,under_review,2025-06-24 18:27:58
604,56593,product_not_received,resolved,2025-06-24 19:09:32
605,51184,defective_merchandise,open,2025-06-24 21:16:12
606,60338,billing_error,resolved,2025-06-25 02:58:52
607,45472,card_compromised,under_review,2025-06-25 15:53:53
608,54746,product_not_received,open,2025-06-25 22:16:41
609,44360,cancelled_recurring,under_review,2025-06-26 13:21:12
610,47727,unauthorized_transaction,under_review,2025-06-26 15:12:10
611,52876,product_not_received,under_review,2025-06-27 02:07:58
612,55101,product_not_received,resolved,2025-06-27 05:08:44
613,56220,cancelled_recurring,resolved,2025-06-27 06:26:19
614,47872,defective_merchandise,under_review,2025-06-27 14:42:07
615,52607,product_not_received,open,2025-06-27 22:03:57
616,50026,billing_error,under_review,2025-06-28 05:11:07
617,47713,fraud_reported,under_review,2025-06-28 06:52:47
618,50989,unauthorized_transaction,open,2025-06-28 09:12:30
619,53158,product_not_received,open,2025-06-28 09:46:52
620,63686,defective_merchandise,resolved,2025-06-28 15:23:02
621,47759,defective_merchandise,open,2025-06-28 16:29:21
622,55222,fraud_reported,resolved,2025-06-28 23:34:28
623,50833,billing_error,resolved,2025-06-29 01:52:40
624,63108,billing_error,resolved,2025-06-29 04:31:29
625,55326,product_not_received,resolved,2025-06-29 05:00:57
626,50155,defective_merchandise,under_review,2025-06-29 07:25:23
627,47711,card_compromised,under_review,2025-06-29 07:37:13
628,54849,product_not_received,open,2025-06-29 13:45:26
629,49598,cancelled_recurring,under_review,2025-06-29 14:35:54
630,64531,unauthorized_transaction,under_review,2025-06-29 20:39:53
631,61623,cancelled_recurring,under_review,2025-06-30 00:21:57
632,57948,unauthorized_transaction,under_review,2025-06-30 01:00:02
633,48431,billing_error,open,2025-06-30 04:09:25
634,48023,product_not_received,resolved,2025-06-30 08:55:45
635,57778,cancelled_recurring,under_review,2025-06-30 10:51:18
636,54601,cancelled_recurring,open,2025-06-30 14:20:14
637,61640,defective_merchandise,under_review,2025-06-30 14:42:32
638,47774,billing_error,open,2025-06-30 19:23:00
639,60955,card_compromised,under_review,2025-06-30 20:14:24
640,55159,billing_error,resolved,2025-07-01 00:26:00
641,63061,defective_merchandise,resolved,2025-07-01 07:20:40
642,63417,billing_error,escalated,2025-07-01 11:16:48
643,61157,product_not_received,resolved,2025-07-01 11:24:18
644,49155,defective_merchandise,resolved,2025-07-01 11:42:20
645,56690,cancelled_recurring,under_review,2025-07-02 04:57:11
646,63592,fraud_reported,resolved,2025-07-02 05:19:50
647,59370,defective_merchandise,open,2025-07-02 10:29:57
648,50826,billing_error,resolved,2025-07-02 12:28:30
649,61380,cancelled_recurring,resolved,2025-07-02 14:40:06
650,65201,card_compromised,under_review,2025-07-02 15:53:36
651,54779,product_not_received,resolved,2025-07-02 19:22:41
652,45836,card_compromised,open,2025-07-02 19:59:40
653,52706,defective_merchandise,open,2025-07-02 23:32:00
654,52479,product_not_received,resolved,2025-07-03 02:04:09
655,50338,defective_merchandise,open,2025-07-03 06:38:40
656,48360,defective_merchandise,under_review,2025-07-03 07:00:26
657,59629,cancelled_recurring,under_review,2025-07-03 08:58:59
658,51004,product_not_received,resolved,2025-07-03 09:37:49
659,63350,defective_merchandise,resolved,2025-07-03 11:37:05
660,65137,fraud_reported,resolved,2025-07-03 12:46:46
661,65966,product_not_received,resolved,2025-07-03 15:41:43
662,55223,unauthorized_transaction,resolved,2025-07-03 23:49:02
663,53537,billing_error,resolved,2025-07-04 03:26:29
664,64530,fraud_reported,under_review,2025-07-04 06:43:32
665,55777,defective_merchandise,resolved,2025-07-04 07:54:24
666,47894,fraud_reported,resolved,2025-07-04 15:07:18
667,52720,billing_error,open,2025-07-04 16:24:11
668,55188,billing_error,open,2025-07-05 03:00:02
669,59987,cancelled_recurring,under_review,2025-07-05 10:22:11
670,65132,fraud_reported,resolved,2025-07-05 12:16:00
671,65174,card_compromised,resolved,2025-07-05 14:38:23
672,49391,billing_error,open,2025-07-05 17:06:22
673,65228,card_compromised,open,2025-07-05 17:23:38
674,62988,cancelled_recurring,resolved,2025-07-06 00:10:55
675,53007,defective_merchandise,under_review,2025-07-06 03:32:08
676,54282,defective_merchandise,open,2025-07-06 06:45:05
677,55761,cancelled_recurring,resolved,2025-07-06 11:54:51
678,56517,product_not_received,resolved,2025-07-06 15:38:19
679,65170,unauthorized_transaction,resolved,2025-07-06 19:11:32
680,52182,defective_merchandise,resolved,2025-07-06 19:37:15
681,64998,product_not_received,escalated,2025-07-06 19:53:15
682,52905,cancelled_recurring,resolved,2025-07-06 23:41:00
683,64065,product_not_received,open,2025-07-07 00:48:49
684,64969,card_compromised,resolved,2025-07-07 10:27:51
685,53345,product_not_received,resolved,2025-07-07 10:32:29
686,66537,billing_error,under_review,2025-07-07 12:49:26
687,58885,card_compromised,under_review,2025-07-07 16:12:35
688,65197,unauthorized_transaction,open,2025-07-07 16:54:22
689,56154,defective_merchandise,resolved,2025-07-07 17:49:18
690,59819,cancelled_recurring,resolved,2025-07-07 18:58:23
691,51845,cancelled_recurring,open,2025-07-07 22:56:59
692,63457,defective_merchandise,escalated,2025-07-08 11:33:21
693,63237,defective_merchandise,resolved,2025-07-08 23:51:49
694,49285,cancelled_recurring,resolved,2025-07-09 01:04:59
695,54738,billing_error,under_review,2025-07-09 01:44:24
696,65183,card_compromised,open,2025-07-09 06:04:50
697,53312,billing_error,resolved,2025-07-09 08:59:23
698,54922,billing_error,escalated,2025-07-09 10:21:28
699,65141,card_compromised,resolved,2025-07-09 16:25:54
700,61989,cancelled_recurring,resolved,2025-07-09 18:22:28
701,66615,defective_merchandise,resolved,2025-07-10 00:08:35
702,50993,fraud_reported,open,2025-07-10 07:52:21
703,55226,card_compromised,resolved,2025-07-10 10:46:13
704,51980,cancelled_recurring,resolved,2025-07-10 10:48:23
705,58758,product_not_received,resolved,2025-07-10 10:51:43
706,65111,product_not_received,under_review,2025-07-10 12:13:10
707,51177,defective_merchandise,under_review,2025-07-10 15:12:07
708,67202,defective_merchandise,resolved,2025-07-11 02:19:10
709,62976,cancelled_recurring,resolved,2025-07-11 02:30:11
710,54255,billing_error,resolved,2025-07-11 08:45:31
711,64833,defective_merchandise,under_review,2025-07-11 10:29:45
712,66869,fraud_reported,resolved,2025-07-11 11:58:46
713,49909,defective_merchandise,resolved,2025-07-11 14:43:46
714,52271,product_not_received,under_review,2025-07-11 19:43:43
715,64542,card_compromised,resolved,2025-07-12 06:18:37
716,65155,fraud_reported,under_review,2025-07-12 06:52:38
717,65179,fraud_reported,resolved,2025-07-12 08:36:10
718,54229,fraud_reported,open,2025-07-12 08:51:32
719,62664,billing_error,resolved,2025-07-13 02:14:11
720,58468,billing_error,resolved,2025-07-13 08:18:59
721,51538,billing_error,resolved,2025-07-13 09:48:34
722,58325,product_not_received,resolved,2025-07-13 12:17:40
723,64551,cancelled_recurring,open,2025-07-13 16:23:09
724,58867,cancelled_recurring,resolved,2025-07-13 17:24:47
725,65142,unauthorized_transaction,resolved,2025-07-13 20:12:39
726,61744,product_not_received,open,2025-07-13 21:51:03
727,58462,billing_error,resolved,2025-07-14 05:37:24
728,57309,defective_merchandise,resolved,2025-07-14 08:30:20
729,65932,defective_merchandise,open,2025-07-14 11:53:50
730,65696,defective_merchandise,escalated,2025-07-14 14:46:45
731,66875,unauthorized_transaction,escalated,2025-07-14 15:56:18
732,65160,card_compromised,under_review,2025-07-14 16:07:38
733,63668,unauthorized_transaction,resolved,2025-07-14 18:35:25
734,61177,defective_merchandise,under_review,2025-07-15 03:10:18
735,58678,billing_error,resolved,2025-07-15 05:08:44
736,64729,billing_error,escalated,2025-07-15 08:13:21
737,52931,product_not_received,under_review,2025-07-16 00:27:31
738,52178,product_not_received,open,2025-07-16 00:34:18
739,60417,product_not_received,under_review,2025-07-16 02:18:47
740,53534,billing_error,resolved,2025-07-16 08:27:54
741,65135,unauthorized_transaction,resolved,2025-07-16 18:04:24
742,59421,defective_merchandise,resolved,2025-07-16 19:26:50
743,53948,product_not_received,under_review,2025-07-17 10:19:50
744,61848,cancelled_recurring,under_review,2025-07-17 10:27:53
745,63557,card_compromised,under_review,2025-07-17 11:16:19
746,63338,cancelled_recurring,under_review,2025-07-17 14:35:10
747,66954,cancelled_recurring,resolved,2025-07-17 17:25:53
748,63114,cancelled_recurring,under_review,2025-07-17 20:10:43
749,54825,cancelled_recurring,open,2025-07-17 21:23:01
750,53786,cancelled_recurring,resolved,2025-07-17 22:40:31
751,61917,cancelled_recurring,resolved,2025-07-18 10:31:43
752,66874,card_compromised,open,2025-07-18 12:02:18
753,65211,unauthorized_transaction,under_review,2025-07-18 12:02:41
754,57470,product_not_received,escalated,2025-07-18 14:10:20
755,59870,billing_error,under_review,2025-07-18 20:12:10
756,56529,billing_error,resolved,2025-07-18 20:26:50
757,65230,product_not_received,resolved,2025-07-18 23:56:38
758,56033,product_not_received,resolved,2025-07-19 16:40:59
759,66489,product_not_received,resolved,2025-07-20 01:58:23
760,60604,product_not_received,resolved,2025-07-20 09:47:58
761,61130,defective_merchandise,under_review,2025-07-20 10:00:34
762,65144,card_compromised,resolved,2025-07-20 11:25:21
763,60076,billing_error,resolved,2025-07-20 16:29:18
764,59308,cancelled_recurring,under_review,2025-07-21 00:50:48
765,56097,billing_error,resolved,2025-07-21 04:10:24
766,63449,product_not_received,under_review,2025-07-21 04:37:15
767,65147,unauthorized_transaction,resolved,2025-07-21 11:14:04
768,58028,card_compromised,resolved,2025-07-21 17:12:58
769,65279,unauthorized_transaction,resolved,2025-07-21 21:14:49
770,65186,unauthorized_transaction,under_review,2025-07-22 05:25:26
771,55747,billing_error,resolved,2025-07-22 18:17:21
772,65185,card_compromised,open,2025-07-22 18:35:50
773,61869,billing_error,under_review,2025-07-23 01:03:31
774,59430,billing_error,escalated,2025-07-23 04:49:04
775,60725,billing_error,resolved,2025-07-23 12:01:57
776,66885,card_compromised,resolved,2025-07-23 12:35:17
777,57575,defective_merchandise,open,2025-07-24 07:01:59
778,65158,fraud_reported,under_review,2025-07-24 09:46:36
779,64746,defective_merchandise,resolved,2025-07-24 10:16:52
780,61603,defective_merchandise,open,2025-07-24 11:38:16
781,65164,card_compromised,resolved,2025-07-24 17:26:14
782,61060,billing_error,under_review,2025-07-24 17:45:56
783,65446,billing_error,under_review,2025-07-25 03:49:22
784,67495,product_not_received,under_review,2025-07-25 04:37:34
785,66883,card_compromised,resolved,2025-07-25 19:08:58
786,63375,product_not_received,resolved,2025-07-26 03:10:15
787,63882,billing_error,under_review,2025-07-26 08:18:32
788,65220,fraud_reported,resolved,2025-07-28 01:58:10
789,62404,billing_error,under_review,2025-07-28 05:01:58
790,62290,defective_merchandise,open,2025-07-28 12:23:19
791,63611,defective_merchandise,resolved,2025-07-28 17:30:28
792,66872,unauthorized_transaction,under_review,2025-07-29 16:17:30
793,65175,card_compromised,resolved,2025-07-30 13:12:28
794,64003,billing_error,under_review,2025-07-31 00:44:32
795,63697,card_compromised,resolved,2025-07-31 03:29:45
796,63787,product_not_received,resolved,2025-07-31 13:12:16
797,63248,product_not_received,resolved,2025-07-31 13:40:45
798,63002,cancelled_recurring,resolved,2025-08-02 21:17:44
799,65212,card_compromised,under_review,2025-08-03 03:25:33
800,66867,defective_merchandise,resolved,2025-08-03 05:07:17
801,65088,fraud_reported,resolved,2025-08-03 15:50:41
802,65255,fraud_reported,resolved,2025-08-04 03:15:49
803,65178,unauthorized_transaction,resolved,2025-08-04 07:43:58
804,66380,cancelled_recurring,resolved,2025-08-04 22:59:49
805,65131,unauthorized_transaction,resolved,2025-08-05 05:20:10
806,64546,fraud_reported,resolved,2025-08-06 06:48:10
807,65207,fraud_reported,resolved,2025-08-06 09:53:15
808,66910,billing_error,resolved,2025-08-06 12:39:03
809,64165,billing_error,resolved,2025-08-06 17:55:36
810,66877,card_compromised,resolved,2025-08-06 22:25:26
811,65177,fraud_reported,resolved,2025-08-07 03:27:30
812,65143,card_compromised,open,2025-08-08 00:21:33
813,67413,defective_merchandise,resolved,2025-08-08 08:54:39
814,66652,cancelled_recurring,under_review,2025-08-08 21:38:34
815,65333,unauthorized_transaction,resolved,2025-08-09 11:44:08
816,65589,defective_merchandise,resolved,2025-08-09 12:54:01
817,66159,billing_error,resolved,2025-08-10 11:01:49
818,66348,defective_merchandise,resolved,2025-08-12 02:22:40
